PROVINCE,CASES,POPULATION,CASES_PER_THOUSAND
BRU,2201,1191604,1.8470901406843212
VAN,2585,1836030,1.4079290643399074
VBR,2080,1129849,1.8409539681851292
VLI,2428,867413,2.799127981711134
VOV,2273,1186532,1.915666834101398
VWV,2200,1496187,1.4704044347397751
WBR,539,399123,1.35046088549144
WHT,2028,1339562,1.513927686811062
WLG,1775,1102531,1.6099320563322028
WLX,614,281972,2.1775211723149814
WNA,560,491285,1.1398678974525989
