PROVINCE,CASES,POPULATION,CASES_PER_THOUSAND
BRU,2215,1191604,1.8588390102752257
VAN,2589,1836030,1.410107677979118
VBR,2086,1129849,1.8462644123241247
VLI,2429,867413,2.800280835080867
VOV,2287,1186532,1.927465925908446
VWV,2210,1496187,1.4770880912613196
WBR,541,399123,1.3554718720795345
WHT,2049,1339562,1.5296044527987507
WLG,1779,1102531,1.6135600722337966
WLX,614,281972,2.1775211723149814
WNA,564,491285,1.1480098110058317
